link,speaker,date
https://drive.google.com/file/d/0B-KHIkqzJyupUVZLZGUyNFdILWM/view?usp=sharing&resourcekey=0-OTMXwxuvlNHL1t6iRNUmhA,Wilvena G,10.04.16
https://drive.google.com/file/d/0B-KHIkqzJyupVUxXOVM5WElWa3c/view?usp=sharing&resourcekey=0-0YAJSU5j8FM8TjgbeNHPPg,Rachel,11.10.15
https://drive.google.com/file/d/0B-KHIkqzJyupX01ZYko2MUhNc3M/view?usp=sharing&resourcekey=0-sGjZopXIGz8c-JfdhTerJA,Steve,
https://drive.google.com/open?id=0B-KHIkqzJyupZ1N4Y0hybTFzUkE,Katie B,03.07.2016
https://drive.google.com/file/d/0B-KHIkqzJyupQzVxSGNYSklsMmc/view?usp=sharing&resourcekey=0-ce9F6u7hOV_dDjDmT33lDg,Steve B,25.09.16
https://drive.google.com/file/d/0B-KHIkqzJyupeUhBXzMxZUdnSEE/view?usp=sharing&resourcekey=0-rjF1ru8UaNOMX9pNV4x5Bg,Charlie,12.03.2017
https://drive.google.com/file/d/0B-KHIkqzJyupekY3emJTdmFIM0U/view?usp=sharing&resourcekey=0-IP1M4X4UnCqCXO1rObvkbw,Rachel,29.10.2017
https://drive.google.com/open?id=1HQ2ILJYDzWoXCHVmO6BZeo8CyVqfFDg9,David,
https://drive.google.com/open?id=1M6jPBpPArhjxCvm7q8QVpiquGOoSzIWt,Ralph,09.09.18
https://drive.google.com/open?id=1_42trzNyffCllwCFINWPGhlypabbdRr5,Keith,10.03.18
https://drive.google.com/file/d/1-Kr-_ACGu14bMHQoj1dreAynr-bjwauX/view,Nick,22.09.19
https://drive.google.com/file/d/1OsAWZ9illCuZ5XjBkKS7J0UppopcpnRm/view?usp=sharing,May,27.09.20
https://drive.google.com/file/d/1kA_8aGwekN9n3K_YmZ78Kx3K_NsDWDqs/view?usp=sharing,Nev,28.03.21
https://drive.google.com/file/d/1QJlVYXW-Tgs_bSqZWeW0qgumwzUlASPG/view?usp=sharing,Junior,26.09.21
https://drive.google.com/file/d/1-SBkNcsYL0X7XG8GbYuTeA8QGy7ZoavG/view?usp=sharing,Ann-Marie,26.02.22
https://drive.google.com/file/d/1-Kr-_ACGu14bMHQoj1dreAynr-bjwauX/view?usp=sharing,Nick,22.09.22
